<?xml version="1.0" encoding="UTF-8"?>
<project-private xmlns="http://www.netbeans.org/ns/project-private/1">
    <editor-bookmarks xmlns="http://www.netbeans.org/ns/editor-bookmarks/2" lastBookmarkId="0"/>
    <open-files xmlns="http://www.netbeans.org/ns/projectui-open-files/2">
        <group>
            <file>file:/C:/Users/ricar/Desktop/16300206_Servlets/16300206_Servlets/web/deportista-list.jsp</file>
            <file>file:/C:/Users/ricar/Desktop/16300206_Servlets/16300206_Servlets/src/java/Web/DeportistaServlet.java</file>
            <file>file:/C:/Users/ricar/Desktop/16300206_Servlets/16300206_Servlets/src/java/Modelo/Deportista.java</file>
        </group>
    </open-files>
</project-private>
