<?xml version="1.0" encoding="UTF-8"?>
<project-private xmlns="http://www.netbeans.org/ns/project-private/1">
    <editor-bookmarks xmlns="http://www.netbeans.org/ns/editor-bookmarks/2" lastBookmarkId="0"/>
    <open-files xmlns="http://www.netbeans.org/ns/projectui-open-files/2">
        <group>
            <file>file:/C:/Users/Propietario/Documents/GitHub/CocoGato/CocoGatoClient/src/cocogatoclient/CocoGatoClient.java</file>
            <file>file:/C:/Users/Propietario/Documents/GitHub/CocoGato/CocoGatoClient/src/cocogatoclient/TicTacToeTablero.java</file>
            <file>file:/C:/Users/Propietario/Documents/GitHub/CocoGato/CocoGatoClient/src/cocogatoclient/IATicTacToe.java</file>
            <file>file:/C:/Users/Propietario/Documents/GitHub/CocoGato/CocoGatoClient/src/cocogatoclient/Jugador.java</file>
        </group>
    </open-files>
</project-private>
