<?xml version="1.0" encoding="UTF-8"?>
<project-private xmlns="http://www.netbeans.org/ns/project-private/1">
    <editor-bookmarks xmlns="http://www.netbeans.org/ns/editor-bookmarks/2" lastBookmarkId="0"/>
    <open-files xmlns="http://www.netbeans.org/ns/projectui-open-files/2">
        <group>
            <file>file:/D:/AVANZADA%202/CRUD/src/crud/Comparar.java</file>
            <file>file:/D:/AVANZADA%202/CRUD/src/crud/Pelicula.java</file>
            <file>file:/D:/AVANZADA%202/CRUD/src/crud/Criterio.java</file>
            <file>file:/D:/AVANZADA%202/CRUD/src/crud/CRUD.java</file>
            <file>file:/D:/AVANZADA%202/CRUD/src/crud/PeliculaAttribute.java</file>
        </group>
    </open-files>
</project-private>
