<?xml version="1.0" encoding="UTF-8"?>
<project-private xmlns="http://www.netbeans.org/ns/project-private/1">
    <editor-bookmarks xmlns="http://www.netbeans.org/ns/editor-bookmarks/2" lastBookmarkId="0"/>
    <open-files xmlns="http://www.netbeans.org/ns/projectui-open-files/2">
        <group>
            <file>file:/C:/Users/Lenovo/Documents/GitHub/CocoGato/CocoGato/src/cocogatoserver/RunServer.java</file>
            <file>file:/C:/Users/Lenovo/Documents/GitHub/CocoGato/CocoGato/src/cocogatoserver/IniciarSesion.java</file>
            <file>file:/C:/Users/Lenovo/Documents/GitHub/CocoGato/CocoGato/src/cocogatoserver/PlayersLook.java</file>
            <file>file:/C:/Users/Lenovo/Documents/GitHub/CocoGato/CocoGato/src/cocogatoserver/ClientListener.java</file>
            <file>file:/C:/Users/Lenovo/Documents/GitHub/CocoGato/CocoGato/src/cocogatoserver/Jugador.java</file>
            <file>file:/C:/Users/Lenovo/Documents/GitHub/CocoGato/CocoGato/src/cocogatoserver/Partida.java</file>
            <file>file:/C:/Users/Lenovo/Documents/GitHub/CocoGato/CocoGato/src/cocogatoserver/DB.java</file>
            <file>file:/C:/Users/Lenovo/Documents/GitHub/CocoGato/CocoGato/src/cocogatoserver/ConnectedPlayers.java</file>
            <file>file:/C:/Users/Lenovo/Documents/GitHub/CocoGato/CocoGato/src/cocogatoserver/Server.java</file>
        </group>
    </open-files>
</project-private>
