<?xml version="1.0" encoding="UTF-8"?>
<project-private xmlns="http://www.netbeans.org/ns/project-private/1">
    <editor-bookmarks xmlns="http://www.netbeans.org/ns/editor-bookmarks/2" lastBookmarkId="0"/>
    <open-files xmlns="http://www.netbeans.org/ns/projectui-open-files/2">
        <group>
            <file>file:/C:/Users/Propietario/Documents/GitHub/Co2ntrolador-Web-API/Co2ntralador/src/java/Servicios/DatosClienteService.java</file>
            <file>file:/C:/Users/Propietario/Documents/GitHub/Co2ntrolador-Web-API/Co2ntralador/src/java/Servicios/GridController.java</file>
            <file>file:/C:/Users/Propietario/Documents/GitHub/Co2ntrolador-Web-API/Co2ntralador/src/java/Servicios/CatCategoriasService.java</file>
            <file>file:/C:/Users/Propietario/Documents/GitHub/Co2ntrolador-Web-API/Co2ntralador/src/java/DB/DBController.java</file>
        </group>
    </open-files>
</project-private>
